nome,p1.coordinates,p1.type
Stadio,"[13.199928555556259,46.08151934139841]",Point
Piazza Primo Maggio,"[13.237768198220026,46.065968401260214]",Point
Bar 1,"[13.207768198220027,46.07596840126021]",Point
Bar 2,"[13.201768198220027,46.07096840126022]",Point
Bar 3,"[13.201168198220026,46.065968401260214]",Point
Bar 4,"[13.191168198220026,46.095968401260215]",Point
Bar 5,"[13.24,46.07]",Point
Bar 6,"[13.23,46.08]",Point
Bar 7,"[13.22,46.05]",Point
Bar 8,"[13.228,46.058]",Point